{
  "project_info": {
    "project_number": "495850090211",
    "project_id": "accident-tracker-d7bf3",
    "storage_bucket": "accident-tracker-d7bf3.appspot.com"
  },
  "client": [
    {
      "client_info": {
        "mobilesdk_app_id": "1:495850090211:android:8e3f47604b50b0e0b39fd6",
        "android_client_info": {
          "package_name": "com.eclat.accident_tracker2"
        }
      },
      "oauth_client": [
        {
          "client_id": "495850090211-o0uk3kvtp6p8mks5e29vr7iit3iousq2.apps.googleusercontent.com",
          "client_type": 3
        }
      ],
      "api_key": [
        {
          "current_key": "AIzaSyA7xaZidausHdq8DLATCp9XiYNEqB0obxQ"
        }
      ],
      "services": {
        "appinvite_service": {
          "other_platform_oauth_client": [
            {
              "client_id": "495850090211-o0uk3kvtp6p8mks5e29vr7iit3iousq2.apps.googleusercontent.com",
              "client_type": 3
            }
          ]
        }
      }
    }
  ],
  "configuration_version": "1"
}